"BuildingType","DataYear","Buildings","Percentile_25th_EUI","Median_EUI","Percentile_75th_EUI","Median_EUI_WN","Average_Site_EUI","Average_Site_EUI_WN","Median_Source_EUI","Median_ES_Score","Average_ES_Score","Total_GFA","Median_GFA","Median_Year_Built","Average_GHGSF","MedianGHGSF"
"College/University","2024","23","36.4","48.8","68.5","45.8","62.9","62","108.4","90.5","90.2","4,679,963","84,459","1970","2.5","1.2"
"Distribution Center","2024","38","11.2","21.9","39.7","22.1","39.6","40.7","44.8","61","58.9","2,382,484","42,074","1968.5","0.7","0.5"
"High-Rise Multifamily","2024","138","33.6","42.5","50.4","43.2","44.2","45","91.9","78.5","69.4","32,494,700","177,662","2000.5","1.1","0.8"
"Hospital","2024","11","160.7","188","213.1","188.7","188.1","188.9","342.7","85","75.3","8,378,858","401,194","1973","6.6","6.4"
"Hotel","2024","82","52.7","64.9","83.4","66.5","71.8","72.6","129.6","80","73.6","11,757,620","88,895","1984","2.2","2"
"K-12 School","2024","142","30.4","36.8","46","37","40.3","40.5","69.6","73","68.6","11,436,854","58,527.5","1971","1.3","1.1"
"Laboratory","2024","27","153.2","200.3","249.2","207","200.4","202","399.5",,,"4,241,620","109,749","1999","6.2","5.5"
"Large Office","2024","186","32.1","40.1","50.5","41","45.1","46","104.4","85","81.5","64,019,696","224,675","1990.5","0.6","0.3"
"Low-Rise Multifamily","2024","1,023","24.6","29.6","36.8","30.1","34","34.3","75.1","84","78.1","40,899,151","30,040","1979","0.7","0.2"
"Medical Office","2024","42","58.2","71.2","103.8","71","91.3","91.9","193.3","61","57","4,552,776","54,381.5","1984.5","1.7","0.7"
"Mid-Rise Multifamily","2024","804","27.9","33","41.4","33.4","36.6","37","76.9","95","87","69,358,767","59,216","2006","0.8","0.7"
"Mixed Use Property","2024","145","35.8","60.2","104.4","61.5","78.5","78.9","128","85","76.7","20,199,252","64,597","1980","2","1.2"
"Non-Refrigerated Warehouse","2024","140","15.3","26.6","43.2","27.1","33.3","34.4","49.5","61","55.7","7,585,282","38,014","1966","1","0.7"
"Other","2024","272","37.4","66.1","99.2","66","88.5","89.6","137.4","61.5","54.5","23,293,259","38,816","1967","2.2","1.4"
"Refrigerated Warehouse","2024","13","24.4","46.1","87.4","45.2","67.4","67.4","129.2","49","46.9","1,066,272","25,577","1955","0.8","0.4"
"Residence Hall/Dormitory","2024","14","32.3","51.5","71.8","47.5","52.2","49.6","89.5","82","77.6","1,068,345","30,062","1940","1.8","1.7"
"Restaurant","2024","9","103.9","138.8","236.2","138.8","183.9","183.8","295.2",,,"286,244","31,020","1955","5.9","4"
"Retail Store","2024","56","27.1","50.5","68.2","49.8","53.1","54","98.9","70","67.3","3,526,240","37,565","1967","1.1","0.7"
"Self-Storage Facility","2024","33","7.6","13.6","22.1","14.1","17.9","18.2","28.1",,,"2,583,242","70,586","1988","0.5","0.3"
"Senior Living Community","2024","45","43.8","61","85.5","61.1","72","72.1","128.1","66.5","64.1","5,499,935","88,839","2000","2.1","1.6"
"Small- and Mid-Sized Office","2024","285","27.2","40.4","57.1","41.3","48.2","48.6","101","76","68.9","13,468,696","40,029","1962","0.8","0.4"
"Supermarket/Grocery Store","2024","34","144.8","198.4","264.8","200.4","214.5","215.2","437","73","67.7","1,590,912","42,968.5","1996.5","5.5","4.6"
"Worship Facility","2024","61","23","33.1","43.8","34.5","35.7","36.8","50.9","54","52.2","1,883,600","26,033","1952","1.4","1.3"
"College/University","2023","24","41","49.5","73.8","46.6","65.2","63.1","108.7","93","92.2","4,711,863","83,602.5","1970","2.5","1.1"
"Distribution Center","2023","37","11.6","23.5","38.6","23","29","28.6","48.9","64","59.7","2,361,135","42,900","1969","0.6","0.4"
"High-Rise Multifamily","2023","135","34.3","44","51.7","43.2","46.7","46.1","95.5","78","67.5","30,704,212","175,870","2000","1.2","0.9"
"Hospital","2023","11","163.1","182.5","208.9","184.8","192.3","192.3","350.6","82","74.9","8,378,858","401,194","1973","6.6","6.1"
"Hotel","2023","80","56.4","67","82.2","65.6","68.4","68.4","132.2","80","74.7","11,643,371","89,891","1987.5","2.1","1.9"
"K-12 School","2023","145","33","39.2","49.2","38.1","42.5","41.1","75","71","66.2","11,691,130","58,118","1971","1.4","1.3"
"Laboratory","2023","26","146.8","198","273.8","197.4","211.1","210.1","388.5","39","39","4,131,509","109,649.5","1999","6.6","5.3"
"Large Office","2023","184","35.3","43","55","43","49.1","48.9","109.2","84","79.7","63,660,748","224,675","1990.5","0.7","0.4"
"Low-Rise Multifamily","2023","1,032","25.1","30.2","37.4","29.7","34.7","34.2","77","83","77.2","41,514,435","29,862","1979","0.6","0.2"
"Medical Office","2023","45","60","72.9","97.9","72.9","91.6","91.7","193.9","62","57.7","4,421,902","45,145","1984","1.7","0.8"
"Mid-Rise Multifamily","2023","782","28.2","33.2","41.6","33","37.2","36.8","78.4","94","86.6","67,019,835","58,964.5","2005.5","0.8","0.7"
"Mixed Use Property","2023","143","37.1","61.4","101","60.6","80.2","79.5","134.7","80.5","72.4","19,597,305","57,644","1980","1.9","1.2"
"Non-Refrigerated Warehouse","2023","139","16.6","27.8","45","27.6","34.8","34","53.9","62","55.8","7,795,206","38,412","1966","1.1","0.8"
"Other","2023","270","37.3","64.1","109.5","63.6","88.6","87.9","137.2","55.5","51.6","23,178,989","39,171.5","1968","2.1","1.3"
"Refrigerated Warehouse","2023","13","28.4","44.4","86.1","44.4","73","73","123.2","48.5","40.9","1,066,272","25,577","1955","1.1","0.5"
"Residence Hall/Dormitory","2023","12","30.8","48.2","70","47","53.9","55.1","84.7","86","74.7","899,904","28,285.5","1939.5","1.7","1.4"
"Restaurant","2023","9","79.9","143.7","215.3","148.5","181.3","191.6","314.5",,,"286,244","31,020","1955","5.7","4.1"
"Retail Store","2023","61","24.3","48.2","70.3","46.5","50.9","50.5","96.6","76","69.8","3,193,116","37,247","1966","1","0.6"
"Self-Storage Facility","2023","38","7.6","14.4","22.4","14.2","17.8","17.4","27.8",,,"3,114,717","75,473","1987.5","0.5","0.3"
"Senior Living Community","2023","44","44.5","62.5","90.2","61.2","74.2","70.9","130.5","63","62.7","5,045,798","77,906.5","1999.5","2.2","1.7"
"Small- and Mid-Sized Office","2023","284","30.3","43.8","57.6","43.8","50.8","50.2","106.4","74","66.3","13,247,034","39,814.5","1965.5","0.8","0.4"
"Supermarket/Grocery Store","2023","34","155.3","215.2","269.8","213.5","211.7","209","435.7","73.5","70.9","1,649,443","44,747","1995","5.3","5.1"
"Worship Facility","2023","58","23.6","35.9","44","34.9","38.3","37.3","54.5","55","51.7","1,877,185","26,406.5","1951","1.5","1.3"
"College/University","2022","22","42.4","54.2","79.1","51.1","71.2","67.3","112.5","88","89.3","4,535,117","71,898","1967.5","3.1","1.3"
"Distribution Center","2022","36","14.6","22.7","37.3","21.2","29.5","28.4","47.2","60","57.6","2,325,556","43,804","1968.5","0.6","0.4"
"High-Rise Multifamily","2022","129","35.6","45.2","53.2","44.2","48.1","46.1","96","76","66","28,109,722","169,565","1991","1.2","0.9"
"Hospital","2022","11","170.8","192.4","210.9","191.7","196.7","190.4","356.1","86","73.4","8,378,858","401,194","1973","6.8","7.5"
"Hotel","2022","76","53.6","69","82.8","67.5","69.6","68.1","135.4","82","75.9","12,159,744","92,251.5","1987.5","2.1","2"
"K-12 School","2022","142","34.8","45.3","55.2","43","48.2","45.1","81.6","65","61.3","11,460,454","58,527.5","1971","1.6","1.4"
"Laboratory","2022","23","158","223.6","280.3","223.6","234.3","228.8","424.4","21","21","3,398,525","109,550","1997","7.9","6.4"
"Large Office","2022","182","36","44.2","57.1","44.2","50.5","50.3","110.1","84.5","79.1","63,145,901","224,675","1990.5","0.7","0.4"
"Low-Rise Multifamily","2022","1,033","25.8","30.7","38.4","29.4","37.7","35.5","78.9","83","75.5","41,694,105","29,810","1979","0.7","0.2"
"Medical Office","2022","44","61.2","73.5","102.8","73","86.8","85.9","197.2","65","57.5","4,393,598","46,971.5","1983.5","1.6","0.8"
"Mid-Rise Multifamily","2022","750","27.7","33.6","42.9","32.9","38.5","37.4","79.7","94","85.7","63,386,745","58,375","2004","0.8","0.6"
"Mixed Use Property","2022","142","40.1","67.8","113.2","65","87.5","86.9","140.7","77","72.1","18,449,352","57,548","1980","2.1","1.3"
"Non-Refrigerated Warehouse","2022","143","16","27.2","48","26.1","36.2","34.3","57.5","60.5","56.3","8,048,894","38,784","1966","1","0.5"
"Other","2022","263","39.8","70.9","113.2","67.9","94.1","91.9","149.2","55","53.5","22,558,436","39,017","1967","2.3","1.3"
"Refrigerated Warehouse","2022","13","26.9","44.1","88.3","46.3","76","80.2","100.9","56","45.8","1,066,272","25,577","1955","1","0.4"
"Residence Hall/Dormitory","2022","14","30.4","40.7","77.8","39.6","53.9","53.6","87.5","86","72.5","1,023,231","30,062","1940","1.4","0.5"
"Restaurant","2022","9","77.2","183.3","265.5","179.6","205.1","200.4","348.1",,,"286,244","31,020","1955","6.1","4.4"
"Retail Store","2022","60","28","43.5","64.7","44.6","52.2","51.2","98.8","79","70.4","3,686,412","37,565","1966","1","0.7"
"Self-Storage Facility","2022","38","8.2","10.4","18.8","10.1","17","16.1","23.1",,,"3,097,625","75,473","1987.5","0.4","0.1"
"Senior Living Community","2022","40","47.1","62.4","88.8","60.4","75.7","73.1","133.6","65","65","4,659,830","77,906.5","1996.5","2","1.3"
"Small- and Mid-Sized Office","2022","289","32.7","46","63.4","44.8","53.2","51.8","113.5","72","65.7","13,397,074","39,760","1966","0.9","0.4"
"Supermarket/Grocery Store","2022","34","151.4","232.4","287.3","228.1","219.9","215.5","467.9","71","68.9","1,649,443","44,747","1995","5.7","5.9"
"Worship Facility","2022","62","24.5","35.5","47.2","32.1","39.1","35.5","53.5","59","53","1,961,269","26,288","1951","1.4","1.1"
"College/University","2021","18","34.9","49.9","106.3","49.4","77","77.8","100.2","95","93.7","2,626,128","59,191.5","1967.5","2.7","1.4"
"Distribution Center","2021","37","13.8","22.4","30.4","22.3","27.2","26.3","52","67","60.5","2,375,973","44,708","1969","0.6","0.5"
"High-Rise Multifamily","2021","127","33.9","45.9","52.7","44.9","45.9","45.8","96.8","78.5","66.2","27,648,020","169,565","1990","1.1","0.9"
"Hospital","2021","11","187.3","200.7","228.4","197.8","207.8","206.4","395.8","69","66.4","8,378,858","401,194","1973","7.8","7.8"
"Hotel","2021","75","45.5","57.8","72.9","58.2","60.3","60.6","122.4","89","84.6","12,053,151","93,920","1985","1.9","1.6"
"K-12 School","2021","141","35.8","43.4","55.2","42.5","48.9","47.1","78.3","69","62.4","11,372,479","58,118","1970","1.8","1.5"
"Laboratory","2021","21","161.8","232.9","258.3","217","235.1","225.4","451.9",,,"2,912,505","106,003","1988","8.1","5.9"
"Large Office","2021","174","34.2","42.5","55","42.5","49.3","49.8","109.6","85","80.6","59,412,281","222,697.5","1989.5","0.7","0.3"
"Low-Rise Multifamily","2021","1,035","25.1","30","37.4","29.6","36.8","36.2","77","84","76.5","41,827,466","30,000","1979","0.8","0.2"
"Medical Office","2021","43","61.2","75.5","109.2","75.5","85.9","85.2","189.8","62","56.9","4,453,571","48,798","1983","1.8","0.8"
"Mid-Rise Multifamily","2021","730","26.3","32","41.5","32.4","37.6","37.6","77.1","94","85.5","60,686,301","57,653","2003","0.8","0.6"
"Mixed Use Property","2021","139","37.2","61.1","104.7","61.1","84.4","83.8","131.1","83","77.7","17,962,828","56,876","1980","2.1","1.3"
"Non-Refrigerated Warehouse","2021","142","15.8","27.2","51","26.8","38","36.5","56.7","59","52.7","7,773,642","39,140.5","1966","1.2","0.7"
"Other","2021","255","38.4","68.3","106","67","89.3","88.6","137.9","68","60.3","21,029,685","38,482","1968","2.3","1.4"
"Refrigerated Warehouse","2021","12","35.4","42","99.7","41.2","79.5","79.3","108.8","44","40.3","1,040,752","26,420","1954","0.9","0.4"
"Residence Hall/Dormitory","2021","14","29","42.4","75.1","42.7","54.7","53","89.1","85","76","1,023,231","30,062","1940","2","1.6"
"Restaurant","2021","9","132.1","186.8","259.2","186.2","196.4","196","332.7",,,"286,244","31,020","1955","6.1","5.5"
"Retail Store","2021","62","27","42.7","66.4","44.2","50.5","50.3","96.1","81","71.8","3,738,500","35,963.5","1966","1.2","0.7"
"Self-Storage Facility","2021","40","7.4","10.8","15","10.4","15.3","15","24.7",,,"3,307,541","75,473","1984.5","0.4","0.1"
"Senior Living Community","2021","40","51.4","74.6","106.7","74.2","83.2","83.5","142.7","61","58.7","4,659,830","77,906.5","1996.5","2.8","2.3"
"Small- and Mid-Sized Office","2021","289","31.5","43.2","61.8","42.5","52.2","51.8","107.1","73","66.6","13,327,397","39,760","1966","0.9","0.4"
"Supermarket/Grocery Store","2021","36","142.7","220.1","293.4","229.5","212.4","210.4","424.4","72","70.4","1,792,735","44,747","1994","5.3","5.1"
"Worship Facility","2021","63","20.9","34.7","45.2","33.8","37.6","37.7","49.2","61.5","56.2","1,984,164","26,210","1951","1.7","1.5"
"College/University","2020","17","54.9","67.5","93.2","69.8","79.8","82.3","131.5",,,"4,061,859","61,050","1960","2.8","2.1"
"Distribution Center","2020","49","15.2","24.6","31.8","25.8","31.4","31.9","48.2","60","57.9","3,046,939","44,708","1967","0.6","0.5"
"High-Rise Multifamily","2020","122","35.7","44.1","53.8","45.2","45.5","46.6","95.8","70","63.4","26,228,682","168,753","1990.5","1.1","0.9"
"Hospital","2020","10","173.1","191.8","227.4","192.5","207.1","207.9","361.4","65","59.5","8,333,776","499,356.5","1978","7.4","7.3"
"Hotel","2020","79","40.7","48.9","62.1","48.9","53.2","53.7","101.1","95","89.2","12,400,821","88,502","1983","1.6","1.4"
"K-12 School","2020","137","26.3","32.1","41.8","33.4","35.5","37.3","59.1","83","77","11,194,648","58,937","1970","1.2","1"
"Laboratory","2020","15","166.2","219.2","282.2","199.8","244.3","238","458.3",,,"1,315,179","60,375","1985","7.7","6.2"
"Large Office","2020","169","34.7","43.2","53","43.4","49.2","49.7","108.8","86","81.5","58,278,362","224,857","1989","0.6","0.4"
"Low-Rise Multifamily","2020","1,023","25.3","29.7","37","30.5","33.7","34.6","75.2","82","76.8","41,347,432","29,808","1978","0.6","0.2"
"Medical Office","2020","46","59","73.9","123.2","76.7","97.3","99","200.6","50.5","48.6","5,234,839","59,548.5","1985.5","1.9","0.8"
"Mid-Rise Multifamily","2020","702","27.6","32.9","41.4","33.6","36.8","37.5","77.9","92","84.2","58,151,777","57,653","2002","0.8","0.6"
"Mixed Use Property","2020","147","37.5","56.5","88.4","56.8","85.5","86.6","126.4","78.5","68.1","16,813,329","55,916","1980","1.8","1.1"
"Non-Refrigerated Warehouse","2020","140","16.4","27.6","43.6","28.8","33.3","34.6","57.9","56.5","52.9","7,827,091","40,006","1966","0.9","0.7"
"Other","2020","245","36.5","65.5","96.5","66.5","88.4","90.1","128.4","60","65.5","20,846,633","38,845","1968","2.1","1.3"
"Refrigerated Warehouse","2020","12","28.7","37.8","66.6","37.8","59.8","59.7","97.4","58","48.5","867,298","25,548.5","1955","0.7","0.3"
"Residence Hall/Dormitory","2020","17","26.9","35.7","66.4","38.6","45.6","48.3","75.4","90","78.8","1,174,773","31,040","1981","1.4","1.1"
"Restaurant","2020","7","122.7","150.8","208.4","152.2","170.6","172","287",,,"214,717","31,020","1923","5.4","4.2"
"Retail Store","2020","65","28.1","43.2","61.2","44.9","48.5","49.8","91.2","81","73.3","4,098,480","37,247","1966","1.1","0.7"
"Self-Storage Facility","2020","38","8.6","11.6","21.9","11.8","18","18.6","26.9",,,"2,850,823","64,245","1966.5","0.5","0.2"
"Senior Living Community","2020","43","48.6","65.9","95.1","65.5","73.7","74","138.1","66","64.5","4,868,165","72,805","1992","2.3","1.7"
"Small- and Mid-Sized Office","2020","285","31.4","42.2","59.2","42.6","50.2","51.1","105.2","76","68.9","12,965,664","38,460","1965","0.8","0.4"
"Supermarket/Grocery Store","2020","36","128.5","187.6","290.6","189.6","199.9","202.6","391.8","65","63.2","1,865,563","44,747","1991.5","4.8","4.5"
"Worship Facility","2020","65","21.3","31","40.3","33.9","32.7","34.5","48.7","59","56.6","2,050,559","26,210","1951","1.3","1.1"
"College/University","2019","16","60.4","69.7","83.1","71","79.5","80.5","135.5",,,"3,987,747","59,191.5","1967.5","2.7","2.1"
"Distribution Center","2019","53","16.1","29.9","43.5","29.5","35.4","35.5","65","56","52.5","3,307,591","44,708","1967","0.7","0.5"
"High-Rise Multifamily","2019","118","35.8","44.7","54","45.6","46","46.7","96.6","69","64.3","24,537,967","164,668","1989.5","1.1","0.9"
"Hospital","2019","10","165.7","194","205.2","181","195.2","193.9","355.4","71","64.8","8,333,776","499,356.5","1978","7.1","6.7"
"Hotel","2019","79","60.4","74.5","88.6","75.8","77.8","77.9","141.4","73","69.3","12,490,638","88,591","1982","2.6","2.4"
"K-12 School","2019","135","32","38.7","47.4","39.2","41.5","42.2","71.8","72","66.2","10,743,323","57,298","1970","1.3","1.2"
"Laboratory","2019","15","176.7","255.5","278.2","254.2","250.7","264.4","491.5",,,"1,315,179","60,375","1985","8.8","7.2"
"Large Office","2019","172","41.3","50.4","62.1","50.1","56.3","56.4","128.5","85","79.1","57,104,007","219,998.5","1988","0.7","0.4"
"Low-Rise Multifamily","2019","1,015","25.1","29.7","38","29.9","34.9","35.2","76","84","77.1","40,721,895","29,765","1978","0.7","0.2"
"Medical Office","2019","42","67.6","79.5","101.4","79.5","99.3","101","201.9","49.5","46.6","5,093,285","78,127","1987","2","0.9"
"Mid-Rise Multifamily","2019","668","27.9","33.5","42.9","33.6","38","38.2","77.3","93","84.4","55,168,841","57,015.5","2001","0.8","0.7"
"Mixed Use Property","2019","140","42.5","66.8","116.1","67.8","96","96.9","147","68.5","62.7","15,799,619","53,372","1978.5","2.1","1.4"
"Non-Refrigerated Warehouse","2019","137","17.3","30.9","51","30.8","37.8","38","65.3","47","46.7","7,134,761","39,984","1966","1.1","0.8"
"Other","2019","235","43.6","74.4","113.8","75.7","100.8","102","147.3","82.5","82.9","20,064,566","37,377","1964","2.5","1.7"
"Refrigerated Warehouse","2019","12","31.9","42.1","76.3","41.8","67.3","67","106","38.5","41.6","867,298","25,548.5","1955","0.8","0.4"
"Residence Hall/Dormitory","2019","15","31","53.7","71.9","54.1","53.3","53.9","96","77","71.4","1,034,855","31,040","1950","1.7","1.8"
"Restaurant","2019","9","132.7","157.8","259.8","157.5","211.4","211.6","314.4",,,"266,236","28,800","1923","7.2","5.9"
"Retail Store","2019","71","35.7","51","76.5","51.2","61.1","62.2","112","67","58.8","4,590,209","43,794","1966","1.3","0.8"
"Self-Storage Facility","2019","38","9","13.1","25.5","13.7","20.9","21.3","29.4",,,"2,603,604","56,984","1966.5","0.5","0.2"
"Senior Living Community","2019","45","46.7","65.9","91.6","66.4","76.3","76.3","137.9","71","64.1","5,007,098","69,035","1989","2.5","2"
"Small- and Mid-Sized Office","2019","286","37.8","50.4","66.9","51","58.1","58.4","125.4","70","63.1","12,857,070","38,262","1967","0.9","0.5"
"Supermarket/Grocery Store","2019","36","148.9","222.1","309.4","223.7","227.1","227.9","448.1","60","57.5","1,869,529","44,747","1991.5","5.5","5.2"
"Worship Facility","2019","65","26.9","37.7","47.8","38.6","39.2","39.8","61.7","47.5","48.3","2,043,786","26,210","1951","1.5","1.3"
"College/University","2018","15","65.3","71.8","89.7","73.9","84.1","86.8","147.3",,,"3,930,414","61,050","1965","2.9","1.8"
"Distribution Center","2018","53","15.2","24","37.2","25","32.9","33.7","53.5","54.5","52.1","3,313,916","44,708","1967","0.6","0.6"
"High-Rise Multifamily","2018","112","36.5","45.9","56.8","46.3","48.2","49.3","102.3","65.5","62.4","21,964,885","159,543.5","1983.5","1.2","1"
"Hospital","2018","10","169.7","204.7","232.7","200.1","206.3","207.1","385.4","67","63.1","8,333,776","499,356.5","1978","7.1","6.8"
"Hotel","2018","76","60.5","74.7","92.3","76.2","81.1","81.8","146.9","71","66.8","11,120,227","88,468","1980","2.7","2.4"
"K-12 School","2018","130","30.2","36.6","45.8","38.1","40.1","41.9","70.1","73","67.2","10,169,218","56,638","1964","1.2","1.1"
"Laboratory","2018","13","167.5","245.1","321.7","246.3","267","269.8","522","2","2","1,100,215","60,375","1980","8.6","6.4"
"Large Office","2018","166","42.6","52.2","63.4","52.9","59.1","60.3","136","82","78","54,285,001","219,998.5","1988","0.7","0.4"
"Low-Rise Multifamily","2018","998","24.9","29.6","37.9","30.3","34.6","35.7","75.6","82","76.2","39,879,384","29,588","1978","0.7","0.2"
"Medical Office","2018","41","64.1","77.9","94.4","77.5","83.1","83.6","197.2","59","50.3","5,153,231","69,854","1987","1.5","0.8"
"Mid-Rise Multifamily","2018","633","27.3","33.8","43.4","34.3","38","38.6","78","93","83.9","50,571,118","56,144","2000","0.8","0.6"
"Mixed Use Property","2018","142","38.4","66.1","114.8","66.7","92.2","93.3","148.6","64","57.7","14,823,886","51,101.5","1974","2.1","1.1"
"Non-Refrigerated Warehouse","2018","144","15.8","28.8","48.5","29.9","35.6","37","61","47.5","47.3","8,013,614","39,912","1966","1","0.6"
"Other","2018","231","47","77.5","120.6","79.6","108.2","109.9","147.5","65.5","66.4","20,338,482","38,787","1966","2.7","1.6"
"Refrigerated Warehouse","2018","12","31.5","47.6","93.4","48.1","73","72.6","108.9","47.5","39.8","867,298","25,548.5","1955","0.8","0.4"
"Residence Hall/Dormitory","2018","16","33.6","63.9","74.3","65.4","58.5","60.1","102.8","69","65.2","948,368","29,440","1940","1.9","2"
"Restaurant","2018","10","47.4","155.8","247","158.1","187.8","189.3","319.9",,,"306,922","29,910","1921","6.3","4.9"
"Retail Store","2018","74","37.6","54.2","80","54.7","62.2","63","116.1","68","57","5,242,110","46,827.5","1964.5","1.2","0.7"
"Self-Storage Facility","2018","36","9.4","13.6","21.6","14.1","18.4","19.1","26.7",,,"2,418,108","56,984","1963","0.5","0.2"
"Senior Living Community","2018","43","45.2","65.6","92.8","66.8","74.8","76.3","138.9","76","66.4","4,827,279","72,805","1988","2.5","1.9"
"Small- and Mid-Sized Office","2018","286","37.8","50.2","68.8","51.2","58.6","59.4","126.9","67","61.5","12,730,221","37,806.5","1965.5","0.9","0.5"
"Supermarket/Grocery Store","2018","34","178.9","242.1","313.2","245.3","240.6","243.1","515.1","57.5","55.5","1,716,149","44,747","1991.5","5.8","5.4"
"Worship Facility","2018","67","25.8","34","44.4","36","35.6","37.5","57.2","52","51.1","2,099,669","26,210","1951","1.4","1.2"
"College/University","2017","16","66.1","74.2","101.7","72.8","92.9","92.2","169.5",,,"19,437,571","112,367","1960.5","3.1","1.9"
"Distribution Center","2017","47","19.3","34.4","46.4","32.7","38.8","38","67.2","51","46.4","3,031,171","42,900","1966","0.8","0.6"
"High-Rise Multifamily","2017","107","40.4","49.9","62.3","49.4","52.9","52.1","114.2","56.5","55.1","20,231,003","146,914","1982","1.3","1"
"Hospital","2017","12","165.2","208.8","232.9","205.7","197.2","192.6","417.8","62","57.6","8,581,484","387,830","1978","6.8","6.6"
"Hotel","2017","72","66.3","81.5","98","82","86.2","85.9","163","65","61.9","10,672,958","88,267","1979.5","2.9","2.6"
"K-12 School","2017","129","35.1","40.8","51.7","40.2","45.5","44.6","82.3","76","69.2","10,107,155","56,228","1968","1.4","1.2"
"Laboratory","2017","9","220.2","307.8","342.8","300.5","320.7","317.1","575.7",,,"772,969","60,375","1963","10.5","9.4"
"Large Office","2017","159","45.8","54.9","67.5","54.3","64.5","64.3","142.6","80","74.2","50,822,435","212,533","1985","0.8","0.5"
"Low-Rise Multifamily","2017","987","26","30.8","39.9","30.4","36.1","35.7","84.9","81","74.8","39,380,064","29,513","1978","0.7","0.2"
"Medical Office","2017","42","71.3","86.8","106.1","87.5","93","92.4","248.9","47","43.2","5,192,347","79,439.5","1986.5","1.6","0.9"
"Mid-Rise Multifamily","2017","600","28.6","34.7","46.2","34.2","40.2","39.8","87.6","91","81.1","46,972,813","54,466","2000","0.9","0.7"
"Mixed Use Property","2017","124","39","56.8","98.5","55.6","83.9","83","135.4","77","69.3","11,247,424","43,991","1968","2.2","1.2"
"Non-Refrigerated Warehouse","2017","155","17.5","31.2","54.5","30.5","39.1","38.2","75.6","47","46.2","8,974,801","39,840","1965","1","0.7"
"Other","2017","223","46.6","85.2","132","83.7","112.6","111.3","178.4","63","57.1","20,969,076","39,017","1965","2.9","1.8"
"Refrigerated Warehouse","2017","12","30.3","43.7","100.2","43.4","73.6","73","119.5","84","84.3","466,002","25,548.5","1955","1.1","0.5"
"Residence Hall/Dormitory","2017","16","36.2","66","76.7","65.7","61.1","60.5","109.4","71.5","68.1","948,368","29,440","1940","2.1","2.1"
"Restaurant","2017","10","59.9","157","248.4","150.5","172.7","170.2","286",,,"306,922","29,910","1921","6.2","5.3"
"Retail Store","2017","79","41","56","86.9","54.9","68.8","67.6","141","68","61.3","5,728,669","46,800","1965","1.5","1"
"Self-Storage Facility","2017","34","10.3","16.8","27","16","20.3","19.8","34.8","85","79","2,400,423","56,984","1961.5","0.5","0.2"
"Senior Living Community","2017","44","46.4","73.2","104.7","72.4","82.2","81.5","153","77","62.8","4,866,188","70,920","1990.5","2.6","2"
"Small- and Mid-Sized Office","2017","291","40.5","55","71.3","54.1","63.4","62.5","141.5","64","58.9","12,834,150","37,500","1965","1","0.6"
"Supermarket/Grocery Store","2017","33","182.3","243","303","242","243.6","242.7","576.8","60","57.5","1,564,572","44,739","1980","5.6","5.8"
"Worship Facility","2017","66","27.5","39","48.1","37.7","38.5","37.5","66","58","59.1","2,070,041","26,121.5","1951.5","1.6","1.4"
"College/University","2016","14","52.9","72.2","87.8","73","72","75.6","153.8",,,"18,952,827","79,595.5","1950.5","2","1.7"
"Distribution Center","2016","47","18.8","30.6","43.5","33.4","36.9","39.6","67.9","54","50.3","3,030,999","42,900","1965","0.7","0.6"
"High-Rise Multifamily","2016","105","39.3","46.6","57.6","49.8","49.8","52.8","108.7","53","51.5","19,011,443","146,203","1982","1.2","1"
"Hospital","2016","11","186.6","204.7","231.7","202.1","196.4","192.9","454.4","47","50.2","6,966,193","374,466","1990","6.5","6.4"
"Hotel","2016","71","60.9","81.2","96.1","82.9","83.3","85.3","174.1","62","59.6","10,547,396","88,100","1979","2.8","2.4"
"K-12 School","2016","127","31.6","38.1","46.9","42.3","41.4","45.8","81.5","83.5","78.6","9,986,612","56,072","1964","1.2","1.1"
"Laboratory","2016","9","210","236.5","349.1","241.5","296","301.9","559.5",,,"772,969","60,375","1963","9.5","6.9"
"Large Office","2016","151","44.5","53.3","69.8","55.5","65.3","66.8","162.8","88","80.2","48,062,032","212,210","1985","0.8","0.4"
"Low-Rise Multifamily","2016","972","25.2","29.8","37.8","31.5","34.7","37","84.6","73","68.3","38,547,899","29,435","1977","0.7","0.2"
"Medical Office","2016","40","68.3","80","101.5","81.3","87.3","88.5","234.8","52.5","46.1","5,035,689","89,108","1984.5","1.6","0.9"
"Mid-Rise Multifamily","2016","563","27.9","34","43.6","35.7","39.2","41.3","89.4","84.5","76.4","42,998,250","53,088","1999","0.8","0.6"
"Mixed Use Property","2016","123","38.9","56.6","96.7","61.2","81.9","84.9","137.1","75","65.6","11,182,962","44,104","1966","2","1.1"
"Non-Refrigerated Warehouse","2016","163","15.7","28","45.5","30.2","34","36.9","63.3","57","52.3","10,036,468","40,800","1965","0.8","0.6"
"Other","2016","226","47","81.3","128.5","85.6","107.6","111.8","181.3","76","71.4","20,573,111","39,660","1965.5","2.7","1.7"
"Refrigerated Warehouse","2016","12","33.7","49.8","107.7","51","78.8","78.7","123.7","75","76.8","466,002","25,548.5","1955","1","0.5"
"Residence Hall/Dormitory","2016","17","32.8","58","71.6","63.8","56.8","60.1","109.9","76","67.4","981,816","29,796","1950","1.8","2.1"
"Restaurant","2016","11","96.5","157.9","228.3","162","174.5","179.4","288.9",,,"329,303","28,800","1923","6.1","5.6"
"Retail Store","2016","84","36.8","54.3","81.6","58.4","64.3","66.7","139.3","72","65.8","6,713,066","45,665","1965","1.2","0.7"
"Self-Storage Facility","2016","25","11.4","16.9","27.4","18.6","22.1","24.5","39.2","38","38","1,249,225","38,959","1956","0.6","0.4"
"Senior Living Community","2016","43","46.6","70.8","97.3","71.9","82","85.6","154.5","71","61.7","4,769,693","69,035","1989","2.6","2"
"Small- and Mid-Sized Office","2016","292","38.9","52.3","68.3","54.4","61","63.3","145.3","73","67","12,807,614","37,558","1965","1","0.5"
"Supermarket/Grocery Store","2016","33","196","252.3","298.3","260.7","245.5","252.2","604.9","37.5","46.6","1,564,572","44,739","1980","5.5","5.8"
"Worship Facility","2016","66","23.8","33","40.7","37.4","33.4","37.9","60.9","69","64.5","2,068,051","26,121.5","1952","1.3","1.1"
"College/University","2015","13","43.3","68","78.3","76.4","64.6","73.5","158.9",,,"3,736,353","61,050","1956","1.8","1.9"
"Distribution Center","2015","48","19.4","28","41.7","29.3","34.8","37.1","72.4","49.5","47.7","3,745,094","43,804","1964","0.6","0.6"
"High-Rise Multifamily","2015","103","37.1","47.6","57.3","51.2","50.7","56.2","109.5","49","49.4","18,772,474","146,914","1982","1.3","1"
"Hospital","2015","10","196.6","209.7","218.3","219.1","195.9","200.5","429.3","52","56","6,698,723","387,830","1978","6.4","6.7"
"Hotel","2015","67","61.7","79","97.6","82.5","88.9","91.8","174.6","59","56.9","9,853,813","88,100","1978","3.1","2.3"
"K-12 School","2015","122","31.8","36.7","48.7","45.4","41.1","49.2","81.2","84","78.7","9,806,356","57,708","1966","1.2","1"
"Laboratory","2015","8","231.3","267.8","332.3","285.1","314.5","329.2","585.7","1","1","750,381","81,305","1974","9.8","8.8"
"Large Office","2015","149","46.6","55","70.8","58.2","65.1","67.4","162.2","84","78.4","47,119,165","203,880","1983","0.7","0.4"
"Low-Rise Multifamily","2015","961","24.7","29.1","36.3","31.8","34","37.9","82.6","77","70.4","38,154,126","29,492","1977","0.7","0.2"
"Medical Office","2015","42","63.6","78","105.4","81.3","88.2","91.7","221.6","56","47.4","4,994,193","78,497","1984.5","2","1"
"Mid-Rise Multifamily","2015","534","27.3","33.1","42.9","35.9","37.8","41.4","88.3","85","75.4","39,659,397","51,573","1998","0.8","0.6"
"Mixed Use Property","2015","118","38.4","57.4","92.1","61.1","77.9","82.2","133.1","78","67.8","8,234,425","40,761","1966","1.9","1.2"
"Non-Refrigerated Warehouse","2015","161","14.1","26","44.9","28.9","33.1","36.7","64.9","55","52.3","9,345,187","40,800","1965","0.8","0.5"
"Other","2015","222","44.2","79.1","125.1","84.1","106.2","111.9","176.6","69","68","20,415,008","39,074","1964.5","2.6","1.7"
"Refrigerated Warehouse","2015","12","35.9","48.8","104.8","46.8","75.9","74.7","143.6","83","79.6","466,002","25,548.5","1955","0.9","0.5"
"Residence Hall/Dormitory","2015","15","31.8","60.7","75.7","66.8","58.8","65.3","111.7","71","63.4","609,944","29,084","1930","1.9","2"
"Restaurant","2015","11","88.4","168.3","217.3","168.1","173","178.7","277.8",,,"329,303","28,800","1923","6","6.2"
"Retail Store","2015","92","37.3","52.1","85","58.5","65.3","67.8","149.7","72","64.2","7,432,399","46,429.5","1965","1.1","0.7"
"Self-Storage Facility","2015","23","10.8","15.2","31.5","18.3","22.1","24.8","39.7",,,"1,048,784","34,176","1956","0.6","0.4"
"Senior Living Community","2015","41","48.2","70.4","103.3","73.1","81.3","87.5","153.3","56","59.4","4,661,911","72,805","1988","2.5","1.8"
"Small- and Mid-Sized Office","2015","289","39.2","53.1","70.7","55","61.2","64.3","150.1","72","64.9","12,790,713","38,038","1965","0.9","0.5"
"Supermarket/Grocery Store","2015","29","224.6","268.8","308.5","277","266.2","278.2","639.9","32.5","39.9","1,183,269","38,000","1980","5.9","6"
"Worship Facility","2015","66","22.6","32.2","40","38.5","33.4","40.4","60.1","70","63.2","2,068,051","26,121.5","1952","1.3","1"
